"rid","sortchem","datetime_","site_id","name_of_wa","x","y","notes","temp_C_YSI","pressure_m","DO_perc_YS","DO_mg_L_YS","SPConducti","pH_YSI","ORP_mV_YSI","chl_ug_L_Y","chl_RFU_YS","PC_ug_L_YS","NO3_mg_L_S","NH4_mg_L_S","SRP_mg_L_S","TSS_g_mL_S","turbidity_","NO3_mg_L_1","TOC_mg_L_S","DOC_mg_L_S","aluminum_m","arsenic_mg","boron_mg_L","barium_mg_","calcium_mg","cadmium_mg","cobalt_mg_","chromium_m","copper_mg_","iron_mg_L_","potassium_","magnesium_","manganese_","molybdenum","sodium_mg_","nickel_mg_","phosphorus","lead_mg_L_","sulfur_mg_","selenium_m","silicon_mg","strontium_","titanium_m","vanadium_m","zinc_mg_L_","TIC_mg_L_e","TC_mg_L_el","NPOC_mg_L_","TNb_mg_L_e","TIC_area_e","TC_area_el","NPOC_area_","TNb_area_e","lithium_pp","sodium_ppb","ammonium_p","potassiu_1","magnesiu_1","calcium_pp","strontiu_1","fluoride_p","acetate_pp","formate_pp","chloride_p","nitrite_pp","bromide_pp","nitrate_pp","sulfate_pp","phosphate_","FI_FI370__","BIX_FI310_","HIX_FI254_","Abs254_aqu","slp274_295","slp350_400","SR_aqualog","ES_E3_aqua","NO3_mg_L_l","PO4_mg_L_l","discharge_","project_id","project__1","Type","NEAR_FID","NEAR_DIST","NEAR_X","NEAR_Y","NEAR_ANGLE","ratio","upDist","h2oLandKm2","afvArea","locID","netID","pid","computed.afv","response"
421,"2018-1277","10/4/18 16:31","NBS.60","Peetneet Creek",-111.6932649,39.96891852,"Water looks much clearer (dilute milk chocolate)",9.8,640,118.9,11.25,547.8,8.46,NA,NA,NA,NA,NA,NA,NA,NA,NA,NA,NA,NA,NA,NA,NA,NA,NA,NA,NA,NA,NA,NA,NA,NA,NA,NA,NA,NA,NA,NA,NA,NA,NA,NA,NA,NA,NA,41.42466667,49.276,NA,0.601666667,41.42466667,23616.33333,NA,4201.333333,NA,NA,NA,NA,NA,NA,NA,20.008,NA,0.1395,278.2646,0.0317,0.2543,0.2456,276.9858,4.3626,NA,NA,NA,NA,NA,NA,NA,NA,NA,NA,NA,"Megafire","PoleCreekFire",2,422,12.0741665448,440806.368604,4424544.55279,39.2894006424,0.877099346579,1836.09994902,44.0156494644,0.83863723517,"45","6",1,1,-0.264747453542226
389,"2018-1323","10/5/18 17:11","NBS.12","Spanish Fork River",-111.5439866,40.04151099,"NA",10.5,656,128,12,671,7.87,NA,NA,NA,NA,NA,NA,NA,NA,NA,NA,NA,NA,NA,NA,NA,NA,NA,NA,NA,NA,NA,NA,NA,NA,NA,NA,NA,NA,NA,NA,NA,NA,NA,NA,NA,NA,NA,29.69733333,47.44433333,NA,0.511,29.69733333,22730.33333,NA,3535,NA,NA,NA,NA,NA,NA,NA,18.588,NA,NA,1285.0472,0.7444,0.4381,23.7755,1202.1476,2.3952,NA,NA,NA,NA,NA,NA,NA,NA,NA,NA,NA,"Megafire","PoleCreekFire",8,390,8.36275515,453589.624871,4432498.78552,-125.311210534,0.0621632130782,14546.5717624,3461.20914333,0.992727243148,"14","5",2,0.992727243148144,-0.067988500157402
368,"2018-7455","5/17/19 13:18","NBS.05","Little Diamond",-111.4400389,40.06704355,"NA",9.17,622.5,113.5,10.66,325,8.6,126,NA,NA,NA,NA,NA,NA,NA,5.47,0.64,3.47,2.12,NA,NA,NA,NA,NA,NA,NA,NA,NA,NA,NA,NA,NA,NA,NA,NA,NA,NA,NA,NA,NA,NA,NA,NA,NA,13.64066667,14.97066667,NA,0.366666667,13.64066667,7325,NA,1758.666667,NA,NA,NA,NA,NA,NA,NA,NA,NA,NA,NA,NA,NA,NA,NA,NA,NA,NA,NA,NA,NA,NA,NA,NA,NA,NA,310.3662322,"MegaFire","mixedbaselinecitsci",1,369,4.94422561303,462476.090215,4435285.5803,-90,0.0112310416935,27069.3474626,22.7759509717,0.00675847548374,"4","5",3,0.00675847548373473,0.0580500707273832
391,"2019-0141","5/17/19 14:00","NBS.03","Diamond Fork",-111.4782337,40.04240473,"NA",8.97,629.8,94.1,8.96,469,8,364.9,NA,NA,NA,NA,NA,NA,NA,10.83,0.83,7.18,3.86,NA,NA,NA,NA,NA,NA,NA,NA,NA,NA,NA,NA,NA,NA,NA,NA,NA,NA,NA,NA,NA,NA,NA,NA,NA,26.684,29.501,NA,0.494,26.684,14617.66667,NA,2546,NA,NA,NA,NA,NA,NA,NA,NA,NA,NA,NA,NA,NA,NA,NA,NA,NA,NA,NA,NA,NA,NA,NA,NA,NA,NA,NA,"MegaFire","mixedbaselinecitsci",5,392,19.6906744698,459194.146581,4432589.49983,120.963811984,0.996122566034,22148.1455694,564.779100863,0.164146189332,"2","5",4,0.164146189331514,-0.0341267702073763
325,"2019-0127","5/17/19 16:16","NBS.15","Hobble Crk North",-111.4979936,40.16561605,"NA",7.68,624.1,113.1,11.04,210,8.27,214.7,NA,NA,NA,NA,NA,NA,NA,5.2,1.65,6.69,4.7,NA,NA,NA,NA,NA,NA,NA,NA,NA,NA,NA,NA,NA,NA,NA,NA,NA,NA,NA,NA,NA,NA,NA,NA,NA,16.90366667,19.76366667,NA,0.748,16.90366667,9730.666667,NA,4111.666667,NA,NA,NA,NA,NA,NA,NA,NA,NA,NA,NA,NA,NA,NA,NA,NA,NA,NA,NA,NA,NA,NA,NA,NA,NA,NA,1127.698421,"MegaFire","mixedbaselinecitsci",2,326,0.961760663019,457594.220609,4446257.41108,-178.315312434,0.0599298826912,11105.5535692,138.728672163,0.465775208831,"17","4",5,0.511226044366334,-0.219065765233123
326,"2018-7567","5/23/19 14:49","NBS.16","Hobble Crk South",-111.4955981,40.16551546,"NA",6.78,623,62.8,6.37,311,8.01,190.2,NA,NA,NA,NA,NA,NA,NA,6.77,0.43,6.88,4.52,NA,NA,NA,NA,NA,NA,NA,NA,NA,NA,NA,NA,NA,NA,NA,NA,NA,NA,NA,NA,NA,NA,NA,NA,NA,0,16.597,NA,0.228666667,0,7801.666667,NA,1467.333333,NA,NA,NA,NA,NA,NA,NA,NA,NA,NA,NA,NA,NA,NA,NA,NA,NA,NA,NA,NA,NA,NA,NA,NA,NA,NA,NA,"MegaFire","Synoptic",2,327,3.27480230485,457796.746339,4446247.40516,136.080926423,0.127565304946,11174.5792289,107.223488101,0.360743732754,"18","4",6,0.39594548621119,-0.258219670702802
479,"2019-0305","6/12/19 8:40","NBS.34","Davidson Canyon",-111.1561987,39.93076154,"Took eDNA athe confluence of NBS 34 and NBS 35",9.12,816,70,6.37,473,8.23,159.7,NA,NA,NA,NA,NA,NA,NA,1.65,1.31,1.6,1.01,-0.0031,-2e-04,0.0155,0.0264,15.9,0,-6e-04,0,0.0011,4e-04,0.5629,21.34,0.0011,0.0023,4.36,7e-04,9e-04,0.0034,2.821,0.0073,0.582,0.0686,6e-04,0.0441,-0.032,50.839,48.221,NA,0.463,50.839,22127,NA,2053,NA,NA,NA,NA,NA,NA,NA,NA,NA,NA,NA,NA,NA,NA,NA,NA,1.71,0.69,9.99,0.0247,-0.0176,-0.0233,0.756,7.07,NA,NA,NA,"MegaFire","NBS",1,480,29.1024505266,486628.415788,4420070.46742,-153.434885977,0.0154871214194,57421.9215562,40.5067301841,0.0125730686949,"32","5",7,0.0125730686949308,0.083163773138601
463,"2019-0308","6/12/19 8:40","NBS.35","Soldier Creek",-111.1562363,39.93133438,"NA",10.51,805.1,84.1,7.32,1120,8.49,164.1,NA,NA,NA,NA,NA,NA,NA,3.61,2.08,2.4,1.49,-0.0022,-9e-04,0.0401,0.02,18.63,-3e-04,-1e-04,-1e-04,0.0012,-0.0012,1.597,39.5,7e-04,0.001,33.94,0.0014,-0.0027,0.0017,10.88,0.0051,0.3893,0.2026,6e-04,0.0811,-0.032,54.17133333,51.35166667,NA,0.676,54.17133333,23582,NA,3306.333333,NA,NA,NA,NA,NA,NA,NA,NA,NA,NA,NA,NA,NA,NA,NA,NA,1.68,0.708,9.3,0.036,-0.0177,-0.0305,0.58,9.1,NA,NA,NA,"MegaFire","NBS",1,464,11.8988274153,486653.027052,4420135.28776,-81.8699227834,0.00966726808428,57436.1742957,299.987887646,0.0925674050836,"33","5",8,0.092567405083556,-0.402557733769821
468,"2019-0326","6/12/19 9:18","NBS.32","Soldier Creek",-111.20029,39.932357,"accidentally took 2 samples of the same river",7.2,816.3,79.9,7.64,364,8.67,176.9,NA,NA,NA,NA,NA,NA,NA,27.99,4.04,9.01,3.9,0.0393,0.0027,0.0155,0.0312,21.12,0,-4e-04,-4e-04,0.0015,0.0204,0.5985,7.628,0.0017,-3e-04,2.083,0.0012,0.0041,0.0017,1.354,0.0041,0.4273,0.0503,0.0027,0.0158,-0.0302,41.40633333,42.463,NA,1.229333333,41.40633333,19450.33333,NA,6566.333333,NA,NA,NA,NA,NA,NA,NA,NA,NA,NA,NA,NA,NA,NA,NA,NA,1.67,0.686,10.8,0.125,-0.0139,-0.014,0.992,4.71,NA,NA,NA,"MegaFire","NBS",2,469,26.0265650896,482911.586716,4420277.74972,21.8014528291,0.0288386135406,53273.8674426,350.567427755,0.105140473778,"31","5",9,0.105140473778487,-0.156644259307181
475,"2019-0320","6/12/19 9:32","NBS.30","Clear Creek",-111.1996901,39.93561132,"NA",6.93,816.5,79.6,7.75,457,8.77,195.5,NA,NA,NA,NA,NA,NA,NA,6.52,4.86,4.4,2.98,0.0022,0.0056,0.0152,0.0407,29.67,0,1e-04,-5e-04,9e-04,-9e-04,0.89,31.54,7e-04,2e-04,3.861,6e-04,0.003,0.003,4.686,0.0062,0.6,0.0784,-1e-04,0.0652,-0.0321,50.31433333,49.72033333,NA,1.294333333,50.31433333,22823.66667,NA,6949,NA,NA,NA,NA,NA,NA,NA,NA,NA,NA,NA,NA,NA,NA,NA,NA,1.74,0.757,10.5,0.0797,-0.0164,-0.0212,0.774,7.34,NA,NA,NA,"MegaFire","NBS",1,476,1.60565058461,482940.313645,4420630.53958,59.0361880295,0.021119139163,52974.8942674,40.1631435026,0.0120786303217,"29","5",10,0.0120786303216594,-0.0728249236193317
590,"2019-0340","6/12/19 9:45","NBS.68","North Fork Salt Creek",-111.7271984,39.7215878,"NA",8.8,624.1,8.34,87,440,8.4,296.8,NA,NA,NA,NA,NA,NA,NA,29.25,1.52,7.04,1.77,NA,NA,NA,NA,NA,NA,NA,NA,NA,NA,NA,NA,NA,NA,NA,NA,NA,NA,NA,NA,NA,NA,NA,NA,NA,33.628,34.02266667,NA,0.583333333,33.628,15527.33333,NA,2759.666667,NA,NA,NA,NA,NA,NA,NA,NA,NA,NA,NA,NA,NA,NA,NA,NA,1.62,0.604,10,0.0575,-0.0156,-0.0197,0.791,6.19,NA,NA,NA,"MegaFire","NBS",1,591,3.09793282114,437678.967009,4397108.8092,-4.08557849826,0.161623749303,14873.0909097,89.9948259235,0.294793264431,"49","8",11,0.294793264430602,-0.115025357277123
599,"2019-0349","6/12/19 10:00","NBS.69","South Fork Salt Creek",-111.729743,39.71742827,"NA",14.2,624.2,76,6.37,628,8.1,313.6,NA,NA,NA,NA,NA,NA,NA,2.8,0.78,3.22,2.11,-0.001,-0.0032,0.0602,0.0288,26.39,0,-6e-04,-8e-04,0.0021,0.0016,5.519,37.24,0.0029,0.0011,35.43,0.0012,0.0048,0.0059,4.779,0.0024,2.626,0.1248,9e-04,0.0788,-0.0318,52.63033333,50.72533333,NA,0.435666667,52.63033333,23291,NA,1888.666667,NA,NA,NA,NA,NA,NA,NA,NA,NA,NA,NA,NA,NA,NA,NA,NA,1.64,0.637,10.5,0.0509,-0.0152,-0.0198,0.767,5.61,NA,NA,NA,"MegaFire","NBS",1,600,3.78582710465,437456.077518,4396652.33491,57.2647759941,0.0368125762228,14346.1418771,190.673673049,0.615052409196,"50","8",12,0.615052409196695,0.0246056446889239
470,"2019-0350","6/12/19 10:07","NBS.31","Starvation Creek",-111.202084,39.9314229,"last symoptic was at the wrong place",10.03,816.9,71.1,6.4,633,8.64,211.1,NA,NA,NA,NA,NA,NA,NA,12.26,2.03,3.51,1.4,-0.0024,0.006,0.0856,0.0258,22.23,1e-04,1e-04,-1e-04,0.0013,-0.0014,1.963,56.06,7e-04,0.0015,38.56,5e-04,-0.0018,0.0036,17.48,0.0021,0.8095,0.2709,6e-04,0.1143,-0.0322,49.82366667,47.51866667,NA,0.631666667,49.82366667,21800.66667,NA,3047.333333,NA,NA,NA,NA,NA,NA,NA,NA,NA,NA,NA,NA,NA,NA,NA,NA,1.69,0.718,6.55,0.0363,-0.0162,-0.0194,0.836,6.85,NA,NA,NA,"MegaFire","NBS",1,471,10.9563485625,482741.647816,4420157.00702,-45.0000000032,0.294038525273,53453.7790318,811.150778593,0.243183185764,"30","5",13,0.243183185763939,-0.0556497223795672
595,"2019-0342","6/12/19 10:15","NBS.70","Salt Creek",-111.8083172,39.71315257,"NA",9.14,635.6,80.3,7.74,556,8.17,304.3,NA,NA,NA,NA,NA,NA,NA,40.08,1.49,9.01,1.82,0.0126,0.0016,0.017,0.0268,32.71,1e-04,-4e-04,-1e-04,0.0011,0.005,1.152,13.73,0.0044,-2e-04,36.21,-5e-04,0.0058,0.0068,7.551,-0.0011,0.618,0.1258,0.0011,0.0296,-0.031,38.92133333,37.58733333,NA,0.493333333,38.92133333,17184.33333,NA,2228,NA,NA,NA,NA,NA,NA,NA,NA,NA,NA,NA,NA,NA,NA,NA,NA,1.65,0.629,12.4,0.0548,-0.0154,-0.0188,0.822,5.94,NA,NA,NA,"MegaFire","Megafire",2,596,5.28344568428,430711.567431,4396228.35815,-130.601287254,0.764255485878,6551.70864217,325.034701833,1,"51","8",14,1,0.0851524507245916
439,"2019-0317","6/12/19 10:15","NBS.29","Tie Fork",-111.215908,39.95147982,"NA",8.82,818.3,84,7.81,655,8.69,212.4,NA,NA,NA,NA,NA,NA,NA,8.36,1.88,3.9,2.22,-0.0189,-0.0038,0.0526,0.0083,14.95,-4e-04,-0.0013,-5e-04,0.0019,-2e-04,1.498,47.56,3e-04,0.0119,22.22,0.0033,-0.0197,0.0076,18.78,0.0267,4.138,0.3228,-4e-04,0.1168,-0.0014,66.23666667,63.26566667,NA,0.652,66.23666667,29120.33333,NA,3166,NA,NA,NA,NA,NA,NA,NA,NA,NA,NA,NA,NA,NA,NA,NA,NA,1.72,0.846,12,0.0577,-0.0165,-0.0213,0.774,7.04,NA,NA,NA,"MegaFire","NBS",1,440,8.83769350738,481564.207515,4422387.24109,-46.2188775089,0.113906011108,50429.4806313,258.210475301,0.0773570630666,"28","5",15,0.077357063066404,-0.0877825080836811
431,"2019-0306","6/12/19 10:34","NBS.27","Spanish Fork River",-111.3082375,39.96348906,"NA",9.42,829.4,84.7,7.82,537,8.67,211.4,NA,NA,NA,NA,NA,NA,NA,52.62,3.74,11.41,2.97,0.0011,0.0058,0.0523,0.0245,24.08,0,-3e-04,-3e-04,0.0025,-9e-04,1.223,30.31,9e-04,0.0026,17.58,0.0015,-0.0019,0.0043,9.832,0.0077,0.7011,0.179,0.001,0.0638,-0.0322,53.82866667,53.51766667,NA,1.177,53.82866667,24589,NA,6259.666667,NA,NA,NA,NA,NA,NA,NA,NA,NA,NA,NA,NA,NA,NA,NA,NA,1.7,0.752,12.5,0.0893,-0.0159,-0.0198,0.804,6.4,NA,NA,NA,"MegaFire","NBS",3,432,10.8453607783,473667.72827,4423742.54647,-138.81408225,0.128323071081,40880.8704838,1635.554748,0.482278497842,"26","5",16,0.482278497842574,-0.0717792302181159
595,"2019-0339","6/12/19 10:40","NBS.91","Salt Creek",-111.86583,39.71609,"NA",8.97,641.2,81.4,7.93,544,8.1,326.1,NA,NA,NA,NA,NA,NA,NA,51.63,1.45,10.61,1.77,NA,NA,NA,NA,NA,NA,NA,NA,NA,NA,NA,NA,NA,NA,NA,NA,NA,NA,NA,NA,NA,NA,NA,NA,NA,39.096,37.62333333,NA,0.525666667,39.096,17201,NA,2421.333333,NA,NA,NA,NA,NA,NA,NA,NA,NA,NA,NA,NA,NA,NA,NA,NA,1.64,0.629,10.6,0.0608,-0.0149,-0.0155,0.965,5.17,NA,NA,NA,"MegaFire","Megafire",3,596,5.29063344221,425784.368749,4396600.86941,-138.012794445,0.136819734442,1172.91017615,328.94437712,1,"52","8",17,1,0.10722886225152
467,"2019-0361","6/12/19 10:50","NBS.28","Mill Fork",-111.3105284,39.9614841,"NA",8.89,831.7,78.7,7.68,502,8.77,212.4,NA,NA,NA,NA,NA,NA,NA,3.98,3.32,4.85,3.74,2e-04,0.0026,0.0125,0.0143,17.76,2e-04,-4e-04,-9e-04,0.0026,-0.0023,0.6099,24.39,5e-04,5e-04,5.221,-6e-04,-0.0024,0.0058,5.708,0.0104,0.5224,0.0767,5e-04,0.0497,-0.0325,52.124,53.955,NA,1.07,52.124,24792.33333,NA,5628,NA,NA,NA,NA,NA,NA,NA,NA,NA,NA,NA,NA,NA,NA,NA,NA,1.69,0.735,11.8,0.105,-0.0179,-0.0238,0.753,8.18,NA,NA,NA,"MegaFire","NBS",1,468,11.9489242956,473491.4094,4423527.83671,0,0.109844226793,40988.0224587,40.4799904792,0.0122177667226,"27","5",18,0.0122177667225687,-0.00631012538728726
427,"2019-0319","6/12/19 11:05","NBS.25","Dairy Fork (DAI)",-111.3381003,39.97246307,"NA",13.72,833.8,78.3,6.62,818,8.71,208,NA,NA,NA,NA,NA,NA,NA,4.83,1.94,5.39,3.89,-0.0013,0.0045,0.1081,0.0205,19.52,-4e-04,4e-04,-3e-04,8e-04,-1e-04,3.129,55.03,4e-04,0.0044,82.6,9e-04,0.0018,0.0038,41.83,0.0117,1.749,0.2591,7e-04,0.1154,-0.0321,67.86433333,67.35633333,NA,0.77,67.86433333,31021.33333,NA,3859,NA,NA,NA,NA,NA,NA,NA,NA,NA,NA,NA,NA,NA,NA,NA,NA,1.26,0.947,11.8,0.104,-0.0178,-0.0211,0.842,7.52,NA,NA,NA,"MegaFire","NBS",1,428,10.5539256023,471139.757791,4424755.57247,3.36646499969,0.0297181825601,37849.6860162,29.6244929141,0.00871223714966,"24","5",19,0.00871223714965688,-0.2083918496489
483,"2019-0348","6/12/19 11:25","NBS.64","Summit Creek",-111.7749115,39.94448043,"NA",8.3,634.2,89.5,8.68,339,8.15,321.3,NA,NA,NA,NA,NA,NA,NA,16.33,2,5.15,1.81,NA,NA,NA,NA,NA,NA,NA,NA,NA,NA,NA,NA,NA,NA,NA,NA,NA,NA,NA,NA,NA,NA,NA,NA,NA,36.93633333,36.85133333,NA,0.611333333,36.93633333,16842.33333,NA,2925,NA,NA,NA,NA,NA,NA,NA,NA,NA,NA,NA,NA,NA,NA,NA,NA,1.67,0.721,11.4,0.058,-0.015,-0.0172,0.874,5.61,NA,NA,NA,"MegaFire","Megafire",1,484,3.52549049409,433797.721164,4421880.30698,-153.434906923,0.649130058285,11497.1312669,71.9008940037,1,"48","7",20,1,-0.157238955490259
403,"2019-0313","6/12/19 11:32","NBS.26","Spanish Fork River",-111.433775,39.99546425,"NA",10.88,849,81.4,7.34,578,8.71,213.4,NA,NA,NA,NA,NA,NA,NA,84.19,3.5,16.08,2.99,NA,NA,NA,NA,NA,NA,NA,NA,NA,NA,NA,NA,NA,NA,NA,NA,NA,NA,NA,NA,NA,NA,NA,NA,NA,54.07466667,53.88666667,NA,1.094333333,54.07466667,24760.66667,NA,5772.333333,NA,NA,NA,NA,NA,NA,NA,NA,NA,NA,NA,NA,NA,NA,NA,NA,1.7,0.766,9.33,0.098,-0.0163,-0.0195,0.836,6.46,NA,NA,NA,"MegaFire","NBS",4,404,4.02463336605,462969.495768,4427339.76749,-120.963719566,0.00220528932892,28304.921848,1794.26142722,0.519757999898,"25","5",21,0.519757999898197,-0.124865438434539
473,"2019-0301","6/12/19 12:35","NBS.41","Thistle Creek",-111.5378889,39.94953774,"NA",16.22,844,79.7,6.97,514,8.6,214.1,NA,NA,NA,NA,NA,NA,NA,4.83,5.78,4.51,3.36,0.0027,0.0016,0.0306,0.008,18.32,-2e-04,-7e-04,-5e-04,0.001,-0.0015,1.265,25.6,8e-04,0,14.99,0.0018,0.0058,0.0042,12.65,0.0058,0.5283,0.0763,4e-04,0.0537,-0.0326,44.95166667,47.08766667,NA,1.608333333,44.95166667,21600.33333,NA,8796.666667,NA,NA,NA,NA,NA,NA,NA,NA,NA,NA,NA,NA,NA,NA,NA,NA,1.7,0.783,10.6,0.0909,-0.0186,-0.0223,0.835,8.42,NA,NA,NA,"MegaFire","NBS",6,474,1.02141514667,454054.017601,4422293.92585,-18.4349802323,0.00874502096457,29571.8353038,837.993812622,0.244162342832,"36","5",22,0.244162342832263,-0.0337375494786709
435,"2019-0346","6/12/19 12:40","NBS.44","Aggie Creek",-111.538931,39.949913,"NA",15.99,848.7,83.8,6.87,501,8.7,210.5,NA,NA,NA,NA,NA,NA,NA,5.49,0.77,6.11,4.17,0.0256,-0.0106,0.0147,0.0624,33.08,-5e-04,9e-04,-2e-04,1e-04,7e-04,2.342,23.9,0.0053,0.0017,12.83,0.002,0.0183,-7e-04,6.569,0.0039,4.059,0.1207,-8e-04,0.0572,-0.005,50.43,50.52133333,NA,0.470333333,50.43,23196.33333,NA,2095,NA,NA,NA,NA,NA,NA,NA,NA,NA,NA,NA,NA,NA,NA,NA,NA,1.65,0.711,9.11,0.113,-0.0165,-0.0196,0.841,6.22,NA,NA,NA,"MegaFire","Megafire",1,436,14.0109350535,453974.187918,4422346.34338,45.0000000019,0.0619525276876,29647.6424307,7.40503613544,0.00229994130937,"39","5",23,0.00229994130937121,NA
429,"2019-0359","6/12/19 12:40","NBS.62","Peetneet Creek",-111.6921061,39.96639853,"NA",12.08,626.8,105.5,9.31,434,8.42,313.9,NA,NA,NA,NA,NA,NA,NA,1.89,0.17,3.81,2.95,NA,NA,NA,NA,NA,NA,NA,NA,NA,NA,NA,NA,NA,NA,NA,NA,NA,NA,NA,NA,NA,NA,NA,NA,NA,44.96133333,44.646,NA,0.329666667,44.96133333,20465,NA,1265.333333,NA,NA,NA,NA,NA,NA,NA,NA,NA,NA,NA,NA,NA,NA,NA,NA,1.62,0.665,9.68,0.083,-0.0166,-0.0179,0.923,5.95,NA,NA,NA,"MegaFire","Megafire",1,430,1.3937700559,440894.799821,4424257.4277,45.0000785538,0.032603176714,2175.88271333,27.5205904138,0.546634262037,"47","6",24,0.651812534802959,0.00940899382307823
447,"2019-0335","6/12/19 12:45","NBS.61","Right Fork Peetneet",-111.6928095,39.96651441,"NA",12.35,627,102.5,9,390,8.34,302.4,NA,NA,NA,NA,NA,NA,NA,3.91,0.78,3.28,2.15,0.0039,-8e-04,0.0169,0.0474,26.74,1e-04,-1e-04,0,0.0011,0.0032,0.738,11,0.0037,8e-04,2.846,0.0011,0.0046,0.0055,2.021,0.0016,0.4486,0.0584,4e-04,0.0237,-0.0315,41.02266667,40.723,NA,0.435,41.02266667,18642,NA,1886.333333,NA,NA,NA,NA,NA,NA,NA,NA,NA,NA,NA,NA,NA,NA,NA,NA,1.66,0.723,5.92,0.0561,-0.0186,-0.0286,0.652,8.59,NA,NA,NA,"MegaFire","Megafire",1,448,12.8685750548,440822.331977,4424275.52516,153.4349174,0.0196140330562,2151.49916915,14.6167138252,0.292002973133,"46","6",25,0.348187465197041,-0.00136806624689859
474,"2019-0321","6/12/19 13:20","NBS.42","Bennie Creek",-111.5594652,39.92467189,"NA",17.61,840.2,81.1,6.36,416,8.87,197.4,NA,NA,NA,NA,NA,NA,NA,2.45,0.27,2.6,1.66,0.0262,-0.0053,0.0118,0.1032,35.89,-8e-04,0.0014,6e-04,0.0026,4e-04,2.199,23.35,0.0021,6e-04,9.69,-5e-04,0.014,-0.0022,8.797,0.0388,6.14,0.1367,-0.0011,0.0557,-0.0044,41.206,40.397,NA,0.297666667,41.206,18490.33333,NA,1076.333333,NA,NA,NA,NA,NA,NA,NA,NA,NA,NA,NA,NA,NA,NA,NA,NA,1.68,0.712,7.7,0.0423,-0.0176,-0.0263,0.67,7.55,NA,NA,NA,"MegaFire","Megafire",1,475,3.9449162297,452192.63224,4419549.6682,90,0.703525419953,34022.1829981,39.2145426072,0.0116189589285,"37","5",26,0.0116189589284722,-0.0811763126776457
486,"2019-0303","6/12/19 13:31","NBS.43","Thistle Creek",-111.5466047,39.92377301,"NA",17,842.9,82.2,6.56,490,8.77,202,NA,NA,NA,NA,NA,NA,NA,4.33,0.57,5.97,4.18,NA,NA,NA,NA,NA,NA,NA,NA,NA,NA,NA,NA,NA,NA,NA,NA,NA,NA,NA,NA,NA,NA,NA,NA,NA,48.88133333,50.12633333,NA,0.506333333,48.88133333,23012.66667,NA,2308,NA,NA,NA,NA,NA,NA,NA,NA,NA,NA,NA,NA,NA,NA,NA,NA,1.65,0.709,10.2,0.115,-0.0167,-0.0189,0.881,6.09,NA,NA,NA,"MegaFire","NBS",5,487,2.04634810425,453292.834451,4419440.06408,26.5650930809,0.0143398082276,32885.4932232,793.101268256,0.232543383904,"38","5",27,0.232543383903791,-0.0337146168690693
509,"2019-0365","6/12/19 14:10","NBS.45","Nebo Creek",-111.5673629,39.87458944,"NA",14.91,829.4,91.6,7.54,441,8.81,204.5,NA,NA,NA,NA,NA,NA,NA,1.42,0.94,3.75,2.95,NA,NA,NA,NA,NA,NA,NA,NA,NA,NA,NA,NA,NA,NA,NA,NA,NA,NA,NA,NA,NA,NA,NA,NA,NA,49.48,48.50533333,NA,0.478,49.48,22259.33333,NA,2139,NA,NA,NA,NA,NA,NA,NA,NA,NA,NA,NA,NA,NA,NA,NA,NA,1.67,0.74,10.1,0.0811,-0.0176,-0.0213,0.828,7.21,NA,NA,NA,"MegaFire","Megafire",1,510,12.1908058613,451483.0132,4413979.1918,-87.2709705451,0.0276193665638,39837.496506,98.5075830671,0.0300583785818,"40","5",28,0.0300583785817007,-0.0770087421402317
381,"2019-0343","6/12/19 14:20","NBS.13","Spanish Fork River",-111.596571,40.08447867,"NA",13.93,647,83.9,7.23,595,8.05,260,NA,NA,NA,NA,NA,NA,NA,38.56,1.66,9.47,2.91,NA,NA,NA,NA,NA,NA,NA,NA,NA,NA,NA,NA,NA,NA,NA,NA,NA,NA,NA,NA,NA,NA,NA,NA,NA,46.08066667,46.157,NA,0.605666667,46.08066667,21168,NA,2891.666667,NA,NA,NA,NA,NA,NA,NA,NA,NA,NA,NA,NA,NA,NA,NA,NA,1.67,0.739,10.5,0.0331,-0.0136,-0.0127,1.07,4.4,NA,NA,NA,"MegaFire","Megafire",9,382,8.5532821978,449149.0656,4437303.42393,0,0.455859940363,6542.71938329,3502.37577617,1,"15","5",29,1,-0.227498573399385
342,"2019-0354","6/12/19 14:45","NBS.19","Maple Cany. Springville",-111.537243,40.130716,"NA",12.11,636.4,86.2,7.66,280,8.14,265,NA,NA,NA,NA,NA,NA,NA,10.24,1.88,2.91,1.21,NA,NA,NA,NA,NA,NA,NA,NA,NA,NA,NA,NA,NA,NA,NA,NA,NA,NA,NA,NA,NA,NA,NA,NA,NA,31.41933333,30.98066667,NA,0.703333333,31.41933333,14113.33333,NA,3468,NA,NA,NA,NA,NA,NA,NA,NA,NA,NA,NA,NA,NA,NA,NA,NA,1.63,0.641,8.89,0.0341,-0.0155,-0.0195,0.793,5.96,NA,NA,NA,"MegaFire","Megafire",1,343,10.000706705,454222.45868,4442410.29438,134.999999998,0.651042060656,7324.92573431,16.6048986192,0.0672465778649,"21","4",30,0.0738085697720682,-0.265352626141185
335,"2019-0336","6/12/19 15:00","NBS.14","Hobble Creek",-111.5407501,40.15400463,"NA",12.84,642.2,8,7.33,299,8.04,274.6,NA,NA,NA,NA,NA,NA,NA,8.14,0.97,4.64,2.62,NA,NA,NA,NA,NA,NA,NA,NA,NA,NA,NA,NA,NA,NA,NA,NA,NA,NA,NA,NA,NA,NA,NA,NA,NA,28.78166667,29.55333333,NA,0.589333333,28.78166667,13449.66667,NA,2796,NA,NA,NA,NA,NA,NA,NA,NA,NA,NA,NA,NA,NA,NA,NA,NA,1.61,0.606,10.4,0.0684,-0.0165,-0.0223,0.741,6.67,NA,NA,NA,"MegaFire","Megafire",3,336,20.7639881995,453961.145128,4444975.24543,-45.0000000007,0.430510779502,6396.5080235,260.579147622,0.843847866488,"16","4",31,0.926191430227932,0.0306735680434293
307,"2019-0364","6/12/19 15:45","NBS.22","Wardsworth Canyon",-111.3916811,40.19559985,"NA",12.98,617.4,102.6,8.75,166,7.95,273,NA,NA,NA,NA,NA,NA,NA,6.76,0.34,7.28,4.56,NA,NA,NA,NA,NA,NA,NA,NA,NA,NA,NA,NA,NA,NA,NA,NA,NA,NA,NA,NA,NA,NA,NA,NA,NA,17.89966667,20.87066667,NA,0.409666667,17.89966667,9413.666667,NA,1739,NA,NA,NA,NA,NA,NA,NA,NA,NA,NA,NA,NA,NA,NA,NA,NA,1.57,0.618,8.36,0.131,-0.0152,-0.0161,0.944,5.15,NA,NA,NA,"MegaFire","Megafire",1,308,3.13298967748,466661.169036,4449542.83624,120.256443677,0.00544121881001,22706.0818326,37.5189464946,0.175200834004,"23","4",32,0.19229711594627,-0.123118627969596
316,"2019-0353","6/12/19 15:47","NBS.21","Right Fork Hobble",-111.3918014,40.1952498,"NA",13.67,617.8,69.7,5.83,555,8.14,268.5,NA,NA,NA,NA,NA,NA,NA,5.69,0.17,5.06,3.59,NA,NA,NA,NA,NA,NA,NA,NA,NA,NA,NA,NA,NA,NA,NA,NA,NA,NA,NA,NA,NA,NA,NA,NA,NA,54.111,54.17533333,NA,0.344333333,54.111,24894.66667,NA,1352.333333,NA,NA,NA,NA,NA,NA,NA,NA,NA,NA,NA,NA,NA,NA,NA,NA,1.68,0.676,14.2,0.0936,-0.0179,-0.026,0.689,8.44,NA,NA,NA,"MegaFire","Megafire",1,317,8.02606535212,466657.152368,4449507.74248,53.1301274899,0.0411234953918,22698.2810176,8.02915968799,0.038888698478,"22","4",33,0.0426834986416565,-0.0948519640075538
550,"2019-0328","6/12/19 16:00","NBS.50","Thistle Creek Upper",-111.4573799,39.81149756,"Eureka Covered in Sediment",12.15,819.4,89.2,7.73,435,8.75,210.1,NA,NA,NA,NA,NA,NA,NA,5.14,0.25,4.36,2.91,0,0.0017,0.038,0.0145,17.77,-1e-04,-2e-04,-5e-04,0.0018,-3e-04,1.236,31.4,2e-04,3e-04,6.807,9e-04,-0.002,0.003,3.067,0.0054,0.5449,0.0845,7e-04,0.0651,-0.0325,50.001,49.456,NA,0.312,50.001,22701,NA,1161.666667,NA,NA,NA,NA,NA,NA,NA,NA,NA,NA,NA,NA,NA,NA,NA,NA,1.66,0.66,12.5,0.0764,-0.0174,-0.022,0.79,7.48,NA,NA,NA,"MegaFire","NBS",2,551,4.40995201572,460852.623983,4406930.65555,-81.2538704305,0.0906635183359,54429.9997349,179.277086965,0.0553429487178,"41","5",34,0.0553429487178553,-0.0296143008474421
304,"2019-0351","6/12/19 16:25","NBS.17","Bartholomew Canyon",-111.490715,40.20057133,"NA",10.55,630.5,82.9,7.61,267,8.25,266.2,NA,NA,NA,NA,NA,NA,NA,2.29,1.26,1.89,1.23,NA,NA,NA,NA,NA,NA,NA,NA,NA,NA,NA,NA,NA,NA,NA,NA,NA,NA,NA,NA,NA,NA,NA,NA,NA,27.95966667,27.552,NA,0.466333333,27.95966667,12519.66667,NA,2069.666667,NA,NA,NA,NA,NA,NA,NA,NA,NA,NA,NA,NA,NA,NA,NA,NA,1.65,0.632,7.18,0.0355,-0.0155,-0.0185,0.837,5.9,NA,NA,NA,"MegaFire","Megafire",1,305,8.94118901769,458230.099949,4450127.5085,-134.999842883,0.0204242669826,15548.716259,12.1956444817,0.0433114580995,"19","4",35,0.0475378358061626,0.26481897015394
305,"2019-0337","6/12/19 16:30","NBS.18","Left Fork Hobble Creek",-111.490735,40.20334035,"NA",13.3,630.5,82.2,7.08,259,8.11,271.2,NA,NA,NA,NA,NA,NA,NA,4.92,1.14,4.54,2.97,NA,NA,NA,NA,NA,NA,NA,NA,NA,NA,NA,NA,NA,NA,NA,NA,NA,NA,NA,NA,NA,NA,NA,NA,NA,26.773,27.84033333,NA,0.503333333,26.773,12653.66667,NA,2288,NA,NA,NA,NA,NA,NA,NA,NA,NA,NA,NA,NA,NA,NA,NA,NA,1.6,0.601,11.2,0.0748,-0.0156,-0.0189,0.826,5.92,NA,NA,NA,"MegaFire","Megafire",1,306,12.7662141468,458248.334606,4450445.76987,21.0375175057,0.203874819554,15780.6141192,105.314868093,0.367788850498,"20","4",36,0.403678073966648,-0.16717702747002
548,"2019-0314","6/12/19 16:35","NBS.51","Rock Creek",-111.4499033,39.81496489,"NA",12.69,814.2,78.2,6.64,426,8.74,211.1,NA,NA,NA,NA,NA,NA,NA,5.82,0.2,4.89,3.3,4e-04,0.0015,0.018,0.0147,12.68,-1e-04,-5e-04,-4e-04,3e-04,-5e-04,0.9483,11.42,4e-04,9e-04,4.93,0.0014,0.0013,0.0048,2.04,0.0032,0.5319,0.0487,6e-04,0.0242,-0.0324,46.00933333,47.26566667,NA,0.411,46.00933333,21683,NA,1745,NA,NA,NA,NA,NA,NA,NA,NA,NA,NA,NA,NA,NA,NA,NA,NA,1.66,0.656,12.9,0.0967,-0.0155,-0.015,1.03,5.51,NA,NA,NA,"MegaFire","NBS",1,549,16.3217810131,461509.126162,4407310.86849,-20.5560021746,0.0774302150503,55286.2441653,11.136569783,0.00372888284171,"42","5",37,0.00372888284170669,0.0179175678420708
557,"2019-0358","6/12/19 16:45","NBS.53","North Fork Thistle",-111.415828,39.80656339,"NA",10.73,799.9,84.9,7.4,421,8.73,214.8,NA,NA,NA,NA,NA,NA,NA,4.93,0.17,3.89,2.61,-0.0022,-0.0014,0.0133,0.0183,18.78,-3e-04,-5e-04,-8e-04,9e-04,-5e-04,0.7097,24.22,2e-04,0,2.913,0.0012,-0.0031,0.0058,1.526,0.0063,0.4196,0.0738,3e-04,0.0501,-0.0321,49.58433333,49.00733333,NA,0.326666667,49.58433333,22492.66667,NA,1248.666667,NA,NA,NA,NA,NA,NA,NA,NA,NA,NA,NA,NA,NA,NA,NA,NA,1.67,0.653,12.4,0.0708,-0.0171,-0.0199,0.861,6.92,NA,NA,NA,"MegaFire","NBS",1,558,10.4943011372,464401.756503,4406360.44267,-113.962482497,0.0164331713759,58458.7037613,22.1211427367,0.00726413447415,"43","5",38,0.00726413447414657,-0.34757080590818
561,"2019-0304","6/12/19 16:50","NBS.54","South Fork Thistle",-111.4162236,39.8062688,"NA",9.42,799.7,65.8,5.92,440,8.77,214.7,NA,NA,NA,NA,NA,NA,NA,12.49,0.5,5.46,3.05,-3e-04,-0.0031,0.023,0.016,20.35,0,-5e-04,-2e-04,0.0017,-5e-04,0.6396,23.83,9e-04,0.0015,3.266,0.0012,0.0038,0.0022,2.019,0.0019,0.3109,0.0647,8e-04,0.0495,-0.0321,47.70533333,48.53066667,NA,0.373666667,47.70533333,22271,NA,1525.666667,NA,NA,NA,NA,NA,NA,NA,NA,NA,NA,NA,NA,NA,NA,NA,NA,1.68,0.664,9.84,0.0821,-0.0172,-0.0215,0.803,7.53,NA,NA,NA,"MegaFire","NBS",1,562,3.55481664506,464369.489399,4406334.9806,-135.000000002,0.019576284008,58453.8731165,55.4561997783,0.018269072033,"44","5",39,0.0182690720330195,-0.227115021948734
369,"2019-0310","6/12/19 18:45","NBS.04","Diamond Fork",-111.4396847,40.06718988,"NA",15.78,842.5,76.7,6.26,409,8.7,189.9,NA,NA,NA,NA,NA,NA,NA,7.22,0.4,5.01,2.94,-0.0017,0.0036,0.0405,0.0276,14.27,1e-04,-3e-04,-9e-04,0.0011,-0.0018,1.503,16.85,0.0012,0.001,15.56,3e-04,0.0099,0.0048,9.494,0.0037,0.6947,0.1368,6e-04,0.0356,-0.0317,40.20566667,40.87433333,NA,0.357333333,40.20566667,18712,NA,1430.666667,NA,NA,NA,NA,NA,NA,NA,NA,NA,NA,NA,NA,NA,NA,NA,NA,1.63,0.638,11.3,0.0765,-0.0168,-0.0187,0.895,6.31,NA,NA,NA,"MegaFire","NBS",4,370,17.5292713306,462523.6792,4435303.8142,-9.19977193463,0.0164948051468,27039.9923776,510.825221177,0.150886373847,"3","5",40,0.150886373846815,0.0102617829992184
366,"2019-0331","6/12/19 18:50","NBS.06","Wanrhodes Creek",-111.4303898,40.07356978,"NA",17.13,843.7,76.3,6.07,519,8.66,194.6,NA,NA,NA,NA,NA,NA,NA,5.1,0.21,5.29,3.41,-9e-04,-0.0018,0.0374,0.0296,13.75,-1e-04,-1e-04,-2e-04,0.0016,3e-04,3.523,19.22,6e-04,8e-04,22.56,3e-04,0.004,0.0043,8.941,0.0037,1.126,0.0875,6e-04,0.0418,-0.0319,50.117,49.63833333,NA,0.399333333,50.117,22785.66667,NA,1677.333333,NA,NA,NA,NA,NA,NA,NA,NA,NA,NA,NA,NA,NA,NA,NA,NA,1.67,0.686,12,0.0909,-0.0167,-0.0181,0.923,6.27,NA,NA,NA,"MegaFire","NBS",1,367,3.81231972901,463298.6228,4436010.86127,180,0.0266646259759,28363.1073866,44.7852319319,0.0135104160074,"5","5",41,0.0135104160074339,0.147953673363969
362,"2019-0309","6/12/19 19:04","NBS.07","Diamond Fork",-111.3922008,40.07501125,"NA",15.66,839.1,79,6.38,395,8.74,196.8,NA,NA,NA,NA,NA,NA,NA,6.95,0.3,5.09,3.04,0.0047,0.0025,0.0361,0.062,21.05,-2e-04,-4e-04,4e-04,0.0012,0.0023,1.441,17.25,0.0016,5e-04,14.78,5e-04,0.0036,0.0053,8.586,0.0042,1.171,0.1966,5e-04,0.0371,-0.0312,39.41466667,40.06733333,NA,0.351666667,39.41466667,18337.33333,NA,1395,NA,NA,NA,NA,NA,NA,NA,NA,NA,NA,NA,NA,NA,NA,NA,NA,1.64,0.652,10.8,0.0842,-0.0164,-0.0179,0.916,5.86,NA,NA,NA,"MegaFire","Megafire",3,363,10.2485059031,466555.856342,4436146.20855,-110.556071047,0.976594565403,31832.4444397,455.108061442,0.136457662839,"6","5",42,0.136457662839385,-0.0489787304439804
357,"2019-0323","6/12/19 19:15","NBS.09","Diamond Fork",-111.3547799,40.08411412,"NA",16.52,833.3,89.6,7.16,435,8.82,199.5,NA,NA,NA,NA,NA,NA,NA,3.7,0.26,3.7,2.45,NA,NA,NA,NA,NA,NA,NA,NA,NA,NA,NA,NA,NA,NA,NA,NA,NA,NA,NA,NA,NA,NA,NA,NA,NA,45.747,46.253,NA,0.363666667,45.747,21212.33333,NA,1466.666667,NA,NA,NA,NA,NA,NA,NA,NA,NA,NA,NA,NA,NA,NA,NA,NA,1.64,0.69,7.34,0.0692,-0.0182,-0.0171,1.06,6.3,NA,NA,NA,"MegaFire","NBS",1,358,7.58722999127,469750.211886,4437146.32676,-122.005397331,0.0302655453532,35716.9378469,236.930654068,0.0724295852216,"8","5",43,0.072429585221576,-0.0433461343378426
372,"2019-0318","6/12/19 19:20","NBS.10","Firstwater Creek",-111.3551473,40.0837091,"NA",14.17,833.3,75.3,6.2,553,8.66,152.6,NA,NA,NA,NA,NA,NA,NA,15.52,0.24,5.44,2.17,NA,NA,NA,NA,NA,NA,NA,NA,NA,NA,NA,NA,NA,NA,NA,NA,NA,NA,NA,NA,NA,NA,NA,NA,NA,51.797,50.243,NA,0.319666667,51.797,23067,NA,1206.666667,NA,NA,NA,NA,NA,NA,NA,NA,NA,NA,NA,NA,NA,NA,NA,NA,1.71,0.7,10.8,0.0597,-0.0172,-0.0222,0.775,7.28,NA,NA,NA,"MegaFire","Megafire",1,373,2.96132006987,469719.773322,4437107.78373,-177.137621416,0.0169523975029,35735.8545449,45.0189151572,0.0137892137441,"9","5",44,0.0137892137440798,-0.0315099658502201
354,"2018-7337","6/12/19 19:20","NBS.08","Diamond Fork",-111.35435,40.08499,"NA",14.49,832.8,91.5,7.62,320,8.54,163.7,NA,NA,NA,NA,NA,NA,NA,11.21,0.39,6.7,3.69,NA,NA,NA,NA,NA,NA,NA,NA,NA,NA,NA,NA,NA,NA,NA,NA,NA,NA,NA,NA,NA,NA,NA,NA,NA,31.39066667,33.05566667,NA,0.359,31.39066667,15077.66667,NA,1439.333333,NA,NA,NA,NA,NA,NA,NA,NA,NA,NA,NA,NA,NA,NA,NA,NA,1.6,0.6,14.3,0.0959,-0.0153,-0.0169,0.9,5.47,NA,NA,NA,"MegaFire","NBS",2,355,2.8856542493,469792.703135,4437247.32507,-60.2550800343,0.0172547502143,35767.366697,130.319465977,0.0399153838051,"7","5",45,0.0399153838051199,-0.0952199664341432
354,"2019-0341","6/12/19 19:33","NBS.11","Diamond Fork",-111.3389102,40.11431423,"NA",13.99,826.2,71.1,5.9,279,8.51,187.3,NA,NA,NA,NA,NA,NA,NA,17.44,0.38,7.75,3.79,0.0024,0.0024,0.0202,0.0761,22.28,0,-6e-04,-0.0011,0.0019,0.0034,0.9492,7.82,0.0018,5e-04,5.911,6e-04,0.0013,0.0039,2.991,0.0022,0.5988,0.0954,0.0011,0.0174,-0.0293,30.554,32.26,NA,0.385666667,30.554,14708,NA,1596.666667,NA,NA,NA,NA,NA,NA,NA,NA,NA,NA,NA,NA,NA,NA,NA,NA,1.59,0.606,10.9,0.112,-0.0144,-0.0143,1.01,4.77,NA,NA,NA,"MegaFire","NBS",1,355,19.9818387863,471102.7599,4440509.6113,149.503989727,0.5604126092,39738.631516,121.633922589,0.0399153838051,"13","5",46,0.0399153838051199,-0.31843909294701
480,"2019-0877","7/17/19 12:06","NBS.40","Blind Canyon",-111.5364484,39.94886146,"NA",18.12,629.4,67.5,5.29,586,8.62,222.6,NA,NA,NA,NA,NA,NA,NA,1.04,2.19,2.97,2.41,0,0.0015,0.0747,0.019,25.07,0,-6e-04,-3e-04,0.0039,0,3.653,59.35,2e-04,6e-04,45.76,0.0015,0.0045,0.0029,26.33,0.0056,5.608,0.1303,6e-04,0.1099,2e-04,45.32266667,47.143,NA,0.732333333,45.32266667,23471.33333,NA,4015,NA,NA,NA,NA,NA,NA,NA,NA,NA,NA,NA,NA,NA,NA,NA,NA,1.76,0.79,10.6,0.0596,-0.0189,-0.0266,0.708,9.16,NA,NA,NA,"MegaFire","SummerSample2019",1,481,5.99070830911,454181.6401,4422218.44768,0,0.0303228101394,29685.1182177,24.0169115744,0.00721609559133,"35","5",47,0.0072160955913379,-0.0557566556122973
402,"2019-0857","7/17/19 13:03","NBS.01","Spanish Below Lake",-111.4941454,39.99362217,"DO continued dropping",16.9,632.7,82.2,6.95,718,8.56,223.9,NA,NA,NA,NA,NA,NA,NA,6.33,1.37,4.26,3.66,NA,NA,NA,NA,NA,NA,NA,NA,NA,NA,NA,NA,NA,NA,NA,NA,NA,NA,NA,NA,NA,NA,NA,NA,NA,53.13,53.52766667,NA,0.547,53.13,26676,NA,2874,NA,NA,NA,NA,NA,NA,NA,NA,NA,NA,NA,NA,NA,NA,NA,NA,1.7,0.832,8.93,0.0832,-0.0157,-0.0147,1.07,5.35,NA,NA,NA,"MegaFire","SummerSample2019",5,403,14.9955775952,457816.863763,4427180.5827,90,0.024747569355,23041.7347777,1820.21641986,0.524819875625,"1","5",48,0.524819875625173,-0.265764821223406
459,"2020-0216","4/28/20 12:26","NBS.36","Indian Creek",-111.20081,39.94292,"NA",10.7,613.2,103.8,9.22,785,8.57,191.9,2.95,0.74,0.55,NA,NA,NA,NA,3.35,0.14,3.09,1.89,NA,NA,NA,NA,NA,NA,NA,NA,NA,NA,NA,NA,NA,NA,NA,NA,NA,NA,NA,NA,NA,NA,NA,NA,NA,NA,NA,NA,NA,NA,NA,NA,NA,NA,NA,NA,NA,NA,NA,NA,NA,NA,NA,NA,NA,NA,NA,NA,NA,NA,NA,NA,NA,NA,NA,NA,NA,NA,NA,29.85600142,"Megafire","NA",1,460,15.8248594228,482836.3166,4421427.7666,-126.046185542,0.0686942106748,51946.2251544,1203.57482611,0.360402289864,"34","5",49,0.360402289864085,-0.128660646503023
244,"2020-0968","10/17/20 11:45","NBS.107","AmericanFork_Upstream",-111.752765,40.432284,"Dry",7.3,632.3,89,10.51,560.2,NA,31.5,NA,NA,NA,0.0977,0.0388,0.004,1.4e-06,1.55,0.27,1.74,1.29,0.0041,0.0047,-0.0111,0.1052,84.61,-1e-04,1e-04,0,0.004,0.0011,0.8258,29.39,0.001,0.001,9.493,-2e-04,0.0047,0.0086,42.71,4e-04,2.647,0.745,-5e-04,0.0559,0.0432,NA,NA,NA,NA,NA,NA,NA,NA,1.4208,570.6973,0.0895,13.3817,811.812,2493.1169,0.0836,14.2813,NA,2.4585,305.453,NA,NA,5.2654,1384.0622,NA,1.81,0.829,1.76,0.0194,-0.0138,-0.00894,1.55,3.46,NA,NA,NA,"Megafire","NA",1,245,15.7026643388,436163.019735,4475998.56223,-45.0000000002,0.72190660332,13255.7681254,192.078080128,1,"11","2",50,1,-0.257156672846403
154,"2020-1042","10/17/20 11:45","NBS.106","DryCreek2_Upstream",-111.757633,40.476444,"Dry Creek Upstream",6.2,629.8,76.8,9.51,168.2,7.64,85.7,NA,NA,NA,0.1503,NA,0.040697674,-1.2e-06,0.66,0.72,1.22,0.95,0.0037,0.0014,0.0072,0.0799,26.04,1e-04,3e-04,-4e-04,8e-04,0.0021,0.9288,3.841,0.0018,0.0077,3.692,-8e-04,6e-04,0.002,2.439,0.0042,1.407,0.1659,-4e-04,0.0083,0.0419,NA,NA,NA,NA,NA,NA,NA,NA,0.8018,242.6307,0.3891,16.5977,117.9314,519.29,0.1231,27.5354,NA,5.9515,34.6676,NA,NA,9.1146,83.4034,NA,1.63,0.629,4.13,0.0317,-0.0151,-0.0159,0.951,5.21,NA,NA,NA,"Megafire","NA",1,155,3.38216451969,435778.57694,4480917.26309,137.489531585,0.452187001338,8323.0017961,44.1202941629,0.270210358023,"10","1",51,0.302082366048135,-0.23347814423228
281,"2020-1057","10/17/20 13:15","NBS.108","ProvoRiver_Upstream",-111.643798,40.324872,"Provo upstream",11.1,639.5,80.8,8.88,330.6,8.44,84.8,NA,NA,NA,0.1163,NA,0.026471114,-2.47e-06,1.85,0.47,2.88,2.2,-0.0032,0.0029,0.0284,0.0253,22.18,0,5e-04,-1e-04,0.0015,0.0013,1.886,14.38,0.0011,0.0016,10.43,-9e-04,-0.0014,-3e-04,11.33,0.005,0.7497,0.1478,0,0.031,0.0032,NA,NA,NA,NA,NA,NA,NA,NA,1.798,743.1731,0.3869,37.1325,462.1338,565.6307,0.2241,4.967,NA,NA,415.8057,NA,NA,6.1621,392.5028,NA,1.61,0.707,5.2,0.0646,-0.0199,-0.0201,0.99,7.06,NA,NA,NA,"Megafire","NA",1,282,1.75402702248,445309.053249,4464012.9008,-39.8055608018,0.922567870778,16588.1510091,2414.13001509,0.982848565648,"12","3",52,0.982848565647857,-0.204957708639051
